Rank	Player ID	Player	Team	Position(s)	ADP	Min Pick	Max Pick	Difference	# Picks	Team	Team Pick
1	9810	Ohtani, Shohei	LAD	UT, P	1.19	1	4		1450		
2	10711	Skubal, Tarik	DET	P	7.34	2	21		1450		
3	11885	Skenes, Paul	PIT	P	11.05	2	29		1450		
4	10900	Crochet, Garrett	BOS	P	12.62	4	28		1450		
5	11883	Yamamoto, Yoshinobu	LAD	P	27.22	10	76		1450		
6	10770	Sanchez, Cristopher	PHI	P	30.21	12	66		1450		
7	11787	Miller, Mason	SD	P	37.24	12	124		1450		
8	9376	Diaz, Edwin	LAD	P	38.31	14	116		1450		
9	11435	Brown, Hunter	HOU	P	38.79	17	83		1450		
10	10712	Gilbert, Logan	SEA	P	39.85	19	87		1450		
11	11800	Woo, Bryan	SEA	P	41.26	16	83		1450		
12	7887	Sale, Chris	ATL	P	43.10	14	97		1450		
13	10134	Munoz, Andres	SEA	P	45.84	13	128		1450		
14	11982	Smith, Cade	CLE	P	48.07	19	137		1450		
15	10239	Duran, Jhoan	PHI	P	48.35	19	144		1450		
16	8784	deGrom, Jacob	TEX	P	54.14	23	124		1450		
17	8704	Fried, Max	NYY	P	55.42	31	105		1450		
18	10166	Ragans, Cole	KC	P	55.82	25	120		1450		
19	10480	Webb, Logan	SF	P	59.34	26	104		1450		
20	9915	Peralta, Freddy	NYM	P	63.32	28	139		1450		
21	10681	Bednar, David	NYY	P	67.66	28	186		1450		
22	7709	Chapman, Aroldis	BOS	P	69.34	27	196		1450		
23	10874	Kirby, George	SEA	P	71.61	39	139		1450		
24	10665	Williams, Devin	NYM	P	72.82	30	233		1450		
25	10786	Ryan, Joe	MIN	P	76.82	28	157		1450		
26	10191	Cease, Dylan	TOR	P	79.81	38	141		1450		
27	10235	Luzardo, Jesus	PHI	P	80.34	32	146		1450		
28	11099	Bradish, Kyle	BAL	P	81.93	48	149		1450		
29	10083	Valdez, Framber	DET	P	90.45	52	148		1450		
30	11591	Perez, Eury	MIA	P	91.71	41	189		1450		
31	9570	Pivetta, Nick	SD	P	97.88	43	150		1450		
32	12443	McLean, Nolan	NYM	P	99.35	12	190		1450		
33	9492	Hader, Josh	HOU	P	101.45	33	378		1450		
34	10321	Helsley, Ryan	BAL	P	105.32	34	312		1450		
35	8981	Iglesias, Raisel	ATL	P	106.69	42	263		1450		
36	9294	Estevez, Carlos	KC	P	111.37	41	382		1450		
37	11300	Strider, Spencer	ATL	P	114.08	54	369		1450		
38	8427	Gausman, Kevin	TOR	P	119.07	80	176		1450		
39	12193	Burns, Chase	CIN	P	121.69	56	261		1450		
40	8975	Hoffman, Jeff	TOR	P	123.47	47	305		1450		
41	8700	Glasnow, Tyler	LAD	P	126.29	65	257		1450		
42	9328	Snell, Blake	LAD	P	128.47	38	458		1450		
43	11894	Misiorowski, Jacob	MLW	P	129.99	68	249		1450		
44	11821	Palencia, Daniel	CHC	P	130.78	50	334		1450		
45	10634	Fairbanks, Pete	MIA	P	132.28	60	320		1450		
46	9652	Pagan, Emilio	CIN	P	133.94	46	344		1450		
47	8546	Gray, Sonny	BOS	P	134.13	79	232		1450		
48	10964	Lodolo, Nick	CIN	P	134.33	91	270		1450		
49	11811	Sheehan, Emmet	LAD	P	134.94	64	263		1450		
50	12361	Schlittler, Cam	NYY	P	134.97	50	257		1450		
51	9678	Woodruff, Brandon	MLW	P	136.07	42	267		1450		
52	8235	Wheeler, Zack	PHI	P	136.60	34	344		1450		
53	11059	Pepiot, Ryan	TB	P	137.76	77	232		1450		
54	10289	King, Michael	SD	P	139.67	77	245		1450		
55	10216	Greene, Hunter	CIN	P	140.59	17	498		1308		
56	10804	Megill, Trevor	MLW	P	144.93	49	369		1450		
57	7931	Jansen, Kenley	DET	P	145.20	61	352		1450		
58	8130	Eovaldi, Nathan	TEX	P	152.84	56	259		1450		
59	9754	Alcantara, Sandy	MIA	P	153.36	93	221		1450		
60	10807	Rasmussen, Drew	TB	P	154.70	62	261		1450		
61	11590	Williams, Gavin	CLE	P	155.08	81	259		1450		
62	12035	Chandler, Bubba	PIT	P	163.39	91	268		1450		
63	10351	Rogers, Trevor	BAL	P	164.74	26	264		1450		
64	8775	Ray, Robbie	SF	P	165.73	78	248		1450		
65	9917	Santana, Dennis	PIT	P	167.33	57	376		1450		
66	9506	Castillo, Luis	SEA	P	168.95	95	256		1450		
67	11884	Imanaga, Shota	CHC	P	172.80	75	261		1450		
68	12463	Yesavage, Trey	TOR	P	172.81	103	391		1450		
69	12471	Imai, Tatsuya	HOU	P	173.27	77	389		1450		
70	11664	Uribe, Abner	MLW	P	177.41	76	398		1450		
71	11794	Walker, Ryan	SF	P	183.18	86	413		1450		
72	9840	Suarez, Ranger	BOS	P	186.21	92	257		1450		
73	9973	Gore, MacKenzie	TEX	P	187.73	98	280		1450		
74	11595	Bibee, Tanner	CLE	P	189.59	104	260		1450		
75	10721	Cabrera, Edward	CHC	P	192.57	107	297		1450		
76	11886	Horton, Cade	CHC	P	194.56	109	297		1450		
77	11407	Suarez, Robert	ATL	P	199.65	37	434		1443		
78	10331	Baz, Shane	BAL	P	200.86	118	289		1450		
79	11218	Jax, Griffin	TB	P	202.62	88	441		1448		
80	8942	Rodon, Carlos	NYY	P	206.14	49	404		1450		
81	8961	Nola, Aaron	PHI	P	211.61	124	277		1450		
82	10933	Bubic, Kris	KC	P	211.93	118	305		1449		
83	9750	Flaherty, Jack	DET	P	222.15	126	295		1450		
84	11802	Abbott, Andrew	CIN	P	224.23	128	295		1450		
85	9944	Gallen, Zac	ARZ	P	224.77	114	299		1450		
86	10332	McClanahan, Shane	TB	P	224.92	106	376		1448		
87	9087	Boyd, Matthew	CHC	P	227.17	75	297		1450		
88	10381	Abreu, Bryan	HOU	P	237.41	99	470		1439		
89	11327	Leiter, Jack	TEX	P	248.05	155	338		1448		
90	10506	Kelly, Merrill	ARZ	P	256.11	155	385		1448		
91	10038	Bieber, Shane	TOR	P	257.01	91	492		1353		
92	11940	Sasaki, Roki	LAD	P	259.80	71	454		1448		
93	9248	Musgrove, Joe	SD	P	263.48	166	476		1394		
94	11326	Nelson, Ryne	ARZ	P	263.92	162	356		1450		
95	12459	Early, Connelly	BOS	P	264.62	143	495		1443		
96	8231	Cole, Gerrit	NYY	P	265.31	126	506		1429		
97	12305	Smith, Shane	CWS	P	267.50	142	397		1444		
98	11636	Miller, Bryce	SEA	P	268.45	133	471		1426		
99	12201	Cameron, Noah	KC	P	274.97	167	398		1443		
100	11182	Senga, Kodai	NYM	P	276.01	74	378		1408		
101	10159	Mize, Casey	DET	P	276.27	178	380		1445		
102	10325	Weathers, Ryan	NYY	P	282.57	172	415		1361		
103	11999	Ashcraft, Braxton	PIT	P	285.67	173	430		1375		
104	10401	Cantillo, Joey	CLE	P	287.53	178	405		1433		
105	11162	O'Brien, Riley	STL	P	288.05	172	532		1409		
106	11823	Garcia, Robert	TEX	P	288.87	29	639		1387		
107	9838	Dominguez, Seranthony	CWS	P	293.88	88	748		1245		
108	10774	Ponce, Cody	TOR	P	298.64	183	646		1372		
109	11619	Burrows, Mike	HOU	P	300.21	142	599		1352		
110	12096	Schwellenbach, Spencer	ATL	P	305.18	55	719		1025		
111	10207	Rodriguez, Grayson	LAA	P	306.18	199	541		1357		
112	12238	Henderson, Logan	MLW	P	307.00	151	489		1366		
113	9876	Lopez, Pablo	MIN	P	310.64	63	577		663		
114	8666	Manaea, Sean	NYM	P	312.02	220	511		1347		
115	12215	Messick, Parker	CLE	P	313.45	173	449		1395		
116	11131	Priester, Quinn	MLW	P	320.72	195	565		1250		
117	11898	Warren, Will	NYY	P	320.76	189	448		1386		
118	11159	Ober, Bailey	MIN	P	323.12	195	496		1307		
119	10145	Singer, Brady	CIN	P	324.20	219	455		1355		
120	11585	Painter, Andrew	PHI	P	326.09	157	472		1329		
121	12148	Matthews, Zebby	MIN	P	329.43	172	547		1287		
122	11187	Soriano, Jose	LAA	P	329.56	203	465		1326		
123	11186	Vest, Will	DET	P	334.07	94	582		1249		
124	11362	Bello, Brayan	BOS	P	334.22	177	463		1342		
125	11060	Uceta, Edwin	TB	P	334.44	155	591		1224		
126	12259	Patrick, Chad	MLW	P	335.31	218	519		1325		
127	7886	Taillon, Jameson	CHC	P	336.98	188	487		1314		
128	9555	Holmes, Clay	NYM	P	337.45	210	476		1321		
129	10915	Detmers, Reid	LAA	P	348.21	225	504		1326		
130	9742	Mahle, Tyler	SF	P	351.13	201	551		1297		
131	10971	Cavalli, Cade	WAS	P	352.34	206	521		1285		
132	11420	Seymour, Ian	TB	P	352.97	199	546		1265		
133	9410	Lopez, Reynaldo	ATL	P	354.98	183	624		1292		
134	11907	Snelling, Robby	MIA	P	357.54	70	550		1191		
135	8879	Bassitt, Chris	BAL	P	357.76	219	510		1262		
136	8808	Yates, Kirby	LAA	P	358.29	129	708		1241		
137	12359	Taylor, Grant	CWS	P	358.37	201	584		1217		
138	10760	Gil, Luis	NYY	P	358.55	214	477		1291		
139	10438	Kikuchi, Yusei	LAA	P	359.73	134	486		1240		
140	9799	Keller, Mitch	PIT	P	359.99	208	488		1206		
141	9312	Lugo, Seth	KC	P	365.86	233	487		1241		
142	10181	Peterson, David	NYM	P	366.52	199	502		1227		
143	11106	Beeter, Clayton	WAS	P	367.01	163	726		1241		
144	10832	Meyer, Max	MIA	P	368.16	214	571		1250		
145	10792	Finnegan, Kyle	DET	P	368.61	106	590		1104		
146	11841	Lopez, Jacob	ATH	P	374.32	243	503		1236		
147	8426	Wacha, Michael	KC	P	375.66	220	492		1154		
148	11887	Waldrep, Hurston	ATL	P	380.09	153	744		987		
149	12430	Melton, Troy	DET	P	381.06	195	737		1009		
150	11861	Vodnik, Victor	COL	P	385.76	155	573		1141		
151	10335	Woods Richardson, Simeon	MIN	P	387.03	281	532		1149		
152	10717	Javier, Cristian	HOU	P	387.95	223	517		1200		
153	12028	Leasure, Jordan	CWS	P	389.36	134	613		1006		
154	12344	Tong, Jonah	NYM	P	393.84	178	556		981		
155	11586	Pfaadt, Brandon	ARZ	P	394.24	247	529		1105		
156	9379	Eflin, Zach	BAL	P	394.34	200	575		1185		
157	10477	Steele, Justin	CHC	P	394.70	185	546		1056		
158	11553	Estrada, Jeremiah	SD	P	396.68	217	592		1091		
159	10287	Liberatore, Matthew	STL	P	401.35	178	576		1157		
160	10528	Romero, JoJo	STL	P	404.11	153	624		1121		
161	11588	Bradley, Taj	MIN	P	406.06	264	568		1140		
162	9772	Scott, Tanner	LAD	P	406.08	143	615		969		
163	9225	Rogers, Taylor	MIN	P	406.82	200	745		907		
164	11632	Abel, Mick	MIN	P	407.10	213	599		1179		
165	12452	Tolle, Payton	BOS	P	409.84	202	565		975		
166	11594	Olson, Reese	DET	P	410.58	206	749		789		
167	10189	May, Dustin	STL	P	411.22	227	623		1176		
168	8650	Stephenson, Robert	LAA	P	413.93	191	733		906		
169	11836	Cecconi, Slade	CLE	P	417.70	253	565		1081		
170	10769	Cleavinger, Garrett	TB	P	417.90	210	718		1086		
171	8724	Giolito, Lucas	BOS	P	418.48	220	620		961		
172	10892	Oviedo, Johan	BOS	P	420.33	243	618		1118		
173	11893	Jones, Jared	PIT	P	422.85	274	584		890		
174	10468	Holmes, Grant	ATL	P	424.11	222	683		1152		
175	11190	Whitlock, Garrett	BOS	P	426.30	236	591		1046		
176	10067	Springs, Jeffrey	ATH	P	426.50	245	572		997		
177	11634	Roupp, Landen	SF	P	428.43	288	538		1014		
178	9860	Littell, Zack	WAS	P	428.68	250	598		997		
179	12097	Sterner, Justin	ATH	P	429.48	236	748		983		
180	9642	Sewald, Paul	ARZ	P	429.62	187	750		747		
181	11371	Henriquez, Ronny	MIA	P	431.74	198	750		388		
182	12434	Morales, Luis	ATH	P	432.05	228	603		939		
183	8958	Severino, Luis	ATH	P	433.74	275	589		1047		
184	12266	Svanson, Matt	STL	P	435.41	239	733		986		
185	10347	Santillan, Tony	CIN	P	436.34	181	637		876		
186	10147	Garrett, Braxton	MIA	P	436.92	121	732		1009		
187	9791	Soroka, Michael	ARZ	P	437.46	297	589		971		
188	12020	Arrighetti, Spencer	HOU	P	439.10	254	664		954		
189	12198	Sproat, Brandon	MLW	P	440.59	236	670		1008		
190	9921	Erceg, Lucas	KC	P	444.02	214	636		975		
191	12478	White, Thomas	MIA	P	444.57	238	657		832		
192	11105	Doval, Camilo	NYY	P	445.65	236	602		907		
193	11597	Harrison, Kyle	MLW	P	447.12	241	724		1021		
194	5420	Verlander, Justin	DET	P	447.36	261	669		1026		
195	10183	Kremer, Dean	BAL	P	447.92	245	631		907		
196	9430	Weaver, Luke	NYM	P	449.64	220	630		861		
197	10123	Morejon, Adrian	SD	P	449.96	210	681		894		
198	10662	Ginkel, Kevin	ARZ	P	450.37	247	750		862		
199	9753	Machado, Andres	WAS	P	450.85	228	228		1		
200	11227	Megill, Tylor	NYM	P	450.85	143	655		4		
201	8542	Garcia, Luis	NYM	P	450.86	254	254		1		
202	10790	Abbott, Cory	WAS	P	450.90	313	313		1		
203	8297	Smith, Will	KC	P	450.96	352	498		2		
204	11683	Simpson, Josh	SEA	P	450.97	403	403		1		
205	7183	Carrasco, Carlos	ATL	P	451.04	507	507		1		
206	8670	Heaney, Andrew	LAD	P	451.04	238	716		2		
207	11303	Severino, Anderson	CWS	P	451.04	511	511		1		
208	8630	Sims, Lucas	WAS	P	451.05	521	521		1		
209	11812	Hudson, Bryan	NYM	P	451.05	519	519		1		
210	9329	Edwards Jr., Carl	TEX	P	451.06	538	538		1		
211	10410	Oviedo, Luis	CLE	P	451.06	545	545		1		
212	11392	Marinaccio, Ron	SD	P	451.06	544	544		1		
213	11480	Swarmer, Matt	CHC	P	451.06	533	533		1		
214	8890	Strickland, Hunter	LAA	P	451.07	555	555		1		
215	11598	Graceffo, Gordon	STL	P	451.08	572	572		1		
216	12324	Ferris, Jackson	LAD	P	451.08	564	564		1		
217	9253	Garrett, Amir	LAA	P	451.09	580	580		1		
218	9733	Curtiss, John	ARZ	P	451.09	584	584		1		
219	11710	Murphy, Chris	CWS	P	451.09	584	584		1		
220	8864	May, Trevor	ATH	P	451.10	597	597		1		
221	9392	Stewart, Brock	LAD	P	451.10	595	595		1		
222	12399	Hiraldo, Yaramil	BAL	P	451.10	592	592		1		
223	8653	Gray, Jon	TEX	P	451.11	617	617		1		
224	12330	Wolfram, Grant	BAL	P	451.11	605	605		1		
225	10276	Allen, Logan	ARZ	P	451.12	624	624		1		
226	10442	Webb, Jacob	CHC	P	451.12	628	628		1		
227	12239	Sisk, Evan	PIT	P	451.13	646	646		1		
228	9833	Beeks, Jalen	TEX	P	451.14	656	656		1		
229	11141	Johnson, Seth	PHI	P	451.14	548	564		2		
230	11144	Marsh, Alec	KC	P	451.14	653	653		1		
231	11238	Eder, Jake	WAS	P	451.14	650	650		1		
232	12170	Aldegheri, Sam	LAA	P	451.14	658	658		1		
233	9239	Leclerc, Jose	ATH	P	451.15	668	668		1		
234	9589	Milner, Hoby	CHC	P	451.15	663	663		1		
235	10474	Anderson, Nick	COL	P	451.15	667	667		1		
236	10678	Garcia, Rico	BAL	P	451.15	667	667		1		
237	12334	Grissom Jr., Marquis	WAS	P	451.15	673	673		1		
238	12507	Miyagi, Hiroya	FA	P	451.15	669	669		1		
239	8921	Coulombe, Danny	BOS	P	451.16	688	688		1		
240	9457	Williams, Trevor	WAS	P	451.16	685	685		1		
241	11416	Kilian, Caleb	CHC	P	451.16	683	683		1		
242	11774	Smith-Shawver, AJ	ATL	P	451.16	469	570		3		
243	12638	Gastelum, Luis	STL	P	451.16	684	684		1		
244	10750	Hendrix, Ryan	ARZ	P	451.17	698	698		1		
245	11765	Dodd, Dylan	ATL	P	451.17	697	697		1		
246	5831	Hill, Rich	KC	P	451.18	716	716		1		
247	11993	Church, Marc	TEX	P	451.18	709	709		1		
248	12117	Bellozo, Valente	MIA	P	451.18	711	711		1		
249	12383	Schultz, Paxton	WAS	P	451.18	717	717		1		
250	12447	Brown, McCade	COL	P	451.18	707	707		1		
251	6704	Chavez, Jesse	ATL	P	451.19	725	725		1		
252	7150	Kershaw, Clayton	LAD	P	451.19	167	725		7		
253	8712	Gonzales, Marco	PIT	P	451.19	725	725		1		
254	10849	Shuster, Jared	ATH	P	451.19	726	726		1		
255	11915	Rodriguez, Carlos	MLW	P	451.19	726	726		1		
256	11928	Matsui, Yuki	SD	P	451.19	730	730		1		
257	11991	Curet, Yoniel	PHI	P	451.19	721	721		1		
258	12102	Otanez, Michel	TEX	P	451.19	728	728		1		
259	12153	Ribalta, Orlando	WAS	P	451.19	728	728		1		
260	12230	Rosario, Alejandro	TEX	P	451.19	728	728		1		
261	6858	Price, David	LAD	P	451.20	746	746		1		
262	8007	Wilson, Justin	BOS	P	451.20	737	737		1		
263	9217	Fulmer, Michael	CHC	P	451.20	747	747		1		
264	10047	Smith, Drew	NYM	P	451.20	450	740		2		
265	10700	Karinchak, James	CLE	P	451.20	744	744		1		
266	10749	Antone, Tejay	CIN	P	451.20	736	736		1		
267	10919	Thompson, Keegan	COL	P	451.20	737	737		1		
268	11757	Fulton, Dax	MIA	P	451.20	737	737		1		
269	11819	Mederos, Victor	LAA	P	451.20	738	738		1		
270	11918	Madden, Ty	DET	P	451.20	737	737		1		
271	12267	Cabrera, Jean	PHI	P	451.20	592	594		2		
272	12349	Barnett, Mason	ATH	P	451.20	737	737		1		
273	12587	Mautz, Brycen	STL	P	451.20	743	743		1		
274	12616	Scarborough, Caden	TEX	P	451.20	738	738		1		
275	12627	Watson, Will	NYM	P	451.20	743	743		1		
276	12382	Gibson, Cade	MIA	P	451.21	564	647		2		
277	12647	Hernandez, Seth	PIT	P	451.21	749	749		1		
278	11646	Munoz, Roddery	HOU	P	451.22	495	732		2		
279	10476	Brubaker, JT	SF	P	451.25	532	739		2		
280	9361	Green, Chad	TOR	P	451.26	570	709		2		
281	12585	Gray, Peyton	TEX	P	451.26	592	680		2		
282	9980	Hill, Tim	NYY	P	451.27	587	706		2		
283	12140	Bachar, Lake	MIA	P	451.29	587	733		2		
284	8669	Urias, Julio	LAD	P	451.30	599	739		2		
285	11909	McDermott, Chayce	BAL	P	451.30	590	744		2		
286	10778	Rodriguez, Manuel	TB	P	451.32	656	705		2		
287	12002	Spence, Mitch	KC	P	451.33	644	740		2		
288	10977	Rutledge, Jackson	WAS	P	451.34	681	709		2		
289	12069	Gordon, Colton	HOU	P	451.34	467	745		3		
290	8716	Jackson, Luke	SEA	P	451.35	484	661		4		
291	12457	Harris, Hayden	ATL	P	451.35	531	701		4		
292	12446	Sommers, Drew	DET	P	451.36	678	745		2		
293	11493	Bird, Jake	NYY	P	451.37	690	750		2		
294	11716	France, J.P.	HOU	P	451.37	711	733		2		
295	12515	Milbrandt, Karson	MIA	P	451.37	703	734		2		
296	12531	Nunez, Anthony	BAL	P	451.37	706	727		2		
297	9959	Quantrill, Cal	ATL	P	451.38	707	750		2		
298	11635	Berroa, Prelander	CWS	P	451.38	725	730		2		
299	11933	Lowder, Rhett	CIN	P	451.38	263	676		1014		
300	12633	Hicks, James	HOU	P	451.38	707	741		2		
301	9448	Peralta, Wandy	SD	P	451.39	725	739		2		
302	10352	Beck, Tristan	SF	P	451.39	729	743		2		
303	11388	Bowlan, Jonathan	PHI	P	451.39	723	749		2		
304	11422	Waldichuk, Ken	WAS	P	451.39	726	740		2		
305	11888	Black, Mason	KC	P	451.39	592	736		3		
306	11731	Varland, Gus	WAS	P	451.40	318	726		4		
307	11860	De Jesus, Enmanuel	DET	P	451.40	737	738		2		
308	12182	Walters, Andrew	CLE	P	451.40	732	749		2		
309	10759	Hart, Kyle	SD	P	451.41	593	744		3		
310	12365	Cijntje, Jurrangelo	SEA	P	451.41	500	731		4		
311	12532	Franco, Jose	CIN	P	451.42	600	714		3		
312	11393	Rodriguez, Randy	SF	P	451.44	424	733		5		
313	10585	Weissert, Greg	BOS	P	451.48	517	738		5		
314	11380	Gillaspie, Logan	SD	P	451.50	516	737		4		
315	12455	Farris, Mitch	LAA	P	451.50	605	743		3		
316	7760	Kimbrel, Craig	HOU	P	451.51	506	720		5		
317	10326	Hentges, Sam	SF	P	451.53	670	732		3		
318	10483	Burke, Brock	CIN	P	451.56	688	743		3		
319	12004	Fernandez, Ryan	STL	P	451.56	712	736		3		
320	11966	Blalock, Bradley	MIA	P	451.58	563	713		4		
321	11294	Moreta, Dauri	PIT	P	451.59	725	750		3		
322	12285	Raya, Marco	MIN	P	451.60	737	746		3		
323	12432	Ohl, Pierson	COL	P	451.60	735	749		3		
324	12548	Bidois, Brandan	PIT	P	451.60	575	743		4		
325	10487	Sborz, Josh	TEX	P	451.64	425	743		5		
326	12106	Bivens, Spencer	SF	P	451.64	583	747		4		
327	7683	Miller, Shelby	CHC	P	451.66	311	740		9		
328	11796	Bachman, Sam	LAA	P	451.67	449	735		5		
329	12380	Morillo, Juan	ARZ	P	451.67	586	742		4		
330	10280	Medina, Luis	ATH	P	451.69	481	746		6		
331	11318	Rangel, Alan	PHI	P	451.69	676	738		4		
332	11726	Englert, Mason	TB	P	451.70	684	738		4		
333	10661	Clase, Emmanuel	CLE	P	451.71	84	725		82		
334	12630	Sinnard, Luke	ATL	P	451.71	692	739		4		
335	9869	Perez, Cionel	WAS	P	451.73	677	748		4		
336	12421	Nunez, Eduarniel	ATH	P	451.74	671	745		4		
337	12543	Bennett, Jake	BOS	P	451.74	653	747		4		
338	12524	Nichols, TJ	TB	P	451.75	721	725		4		
339	9578	Blackburn, Paul	NYY	P	451.76	635	712		5		
340	12593	Forret, Michael	BAL	P	451.76	703	746		4		
341	10470	Suarez, Jose	ATL	P	451.82	494	748		6		
342	10152	Graterol, Brusdar	LAD	P	451.83	408	743		6		
343	12286	Mey, Luis	CIN	P	451.83	579	732		5		
344	8736	Kahnle, Tommy	DET	P	451.85	195	740		13		
345	12125	Diaz, Yilber	ARZ	P	451.85	669	741		5		
346	11447	Blanco, Ronel	HOU	P	451.86	546	736		7		
347	12526	Neighbors, Tyson	BAL	P	451.86	558	744		6		
348	12589	Lopez, Leandro	TEX	P	451.86	436	741		6		
349	12048	Hill, Jaden	COL	P	451.88	573	749		5		
350	12609	Alberto, Alexander	TB	P	451.88	462	740		7		
351	10060	Festa, Matt	CLE	P	451.90	391	730		7		
352	10448	Clarke, Taylor	ARZ	P	451.91	394	750		8		
353	12123	Gordon, Tanner	COL	P	451.91	486	730		7		
354	11068	Houck, Tanner	BOS	P	451.92	487	706		10		
355	12429	Garcia, Brandyn	ARZ	P	451.92	574	738		6		
356	11062	Lange, Alex	KC	P	451.96	560	749		6		
357	12223	Young, Brandon	BAL	P	451.97	607	741		6		
358	12509	Santucci, Jonathan	NYM	P	451.98	725	743		5		
359	12269	Hoglund, Gunnar	ATH	P	451.99	563	719		7		
360	10346	Gonsolin, Tony	LAD	P	452.03	401	748		9		
361	7384	Robertson, David	PHI	P	452.05	582	734		7		
362	9210	Clevinger, Mike	CWS	P	452.11	279	749		10		
363	11815	Waldron, Matt	SD	P	452.11	658	747		6		
364	12291	Santos, Winston	TEX	P	452.12	471	749		8		
365	12510	Hess, Ben	NYY	P	452.15	542	738		7		
366	12256	Rock, Joe	TB	P	452.18	587	745		7		
367	9635	Phillips, Evan	LAD	P	452.20	634	738		7		
368	6918	Morton, Charlie	ATL	P	452.21	396	744		15		
369	11869	Nicolas, Kyle	CIN	P	452.21	559	745		7		
370	12306	Sandlin, David	CWS	P	452.21	629	750		7		
371	12387	Morgan, David	SD	P	452.23	555	737		9		
372	12298	Ullola, Miguel	HOU	P	452.25	687	727		7		
373	8452	Pressly, Ryan	CHC	P	452.26	403	737		12		
374	12078	Cannon, Jonathan	CWS	P	452.29	563	750		9		
375	11689	Headrick, Brent	NYY	P	452.30	698	747		7		
376	11127	Foley, Jason	SF	P	452.32	436	747		10		
377	11896	Thorpe, Drew	CWS	P	452.32	619	748		8		
378	11936	Takahashi, Kona	FA	P	452.36	526	748		10		
379	12610	Wood, Gage	PHI	P	452.36	541	750		8		
380	9886	Alzolay, Adbert	CHC	P	452.39	726	748		7		
381	8951	Berrios, Jose	TOR	P	452.40	276	736		898		
382	12187	Gusto, Ryan	MIA	P	452.42	568	747		8		
383	11897	Jobe, Jackson	DET	P	452.43	461	737		13		
384	8494	Thielbar, Caleb	CHC	P	452.47	589	747		9		
385	9563	Banda, Anthony	MIN	P	452.50	484	750		10		
386	11058	Knack, Landon	LAD	P	452.52	655	739		9		
387	12283	Seymour, Carson	SF	P	452.52	437	748		12		
388	12205	Morris, Andrew	MIN	P	452.55	598	747		9		
389	10903	Sousa, Bennett	HOU	P	452.63	482	739		13		
390	12568	Rojas, Kendry	MIN	P	452.65	554	747		10		
391	8210	Darvish, Yu	SD	P	452.67	357	747		29		
392	12615	De Leon, Luis	BAL	P	452.68	572	746		10		
393	11270	Criswell, Cooper	SEA	P	452.69	611	746		10		
394	12405	Rodriguez, Bradgley	SD	P	452.72	335	750		12		
395	9107	Anderson, Tyler	LAA	P	452.77	545	736		12		
396	8841	Hendricks, Kyle	LAA	P	452.86	448	741		17		
397	12499	Lambert, Ryan	NYM	P	452.86	503	749		13		
398	12635	Sloan, Ryan	SEA	P	453.01	75	744		18		
399	11969	Herz, DJ	WAS	P	453.02	597	742		12		
400	11171	Falter, Bailey	KC	P	453.07	564	748		12		
401	12371	Braun, Lucas	ATL	P	453.11	595	745		13		
402	12600	Paez, Jedixson	CWS	P	453.15	439	747		15		
403	9525	Enns, Dietrich	BAL	P	453.21	596	749		13		
404	8363	Raley, Brooks	NYM	P	453.26	447	748		18		
405	11808	Bido, Osvaldo	NYY	P	453.37	495	749		15		
406	12141	Hurter, Brant	DET	P	453.45	552	750		15		
407	11166	Santos, Gregory	SEA	P	453.48	329	750		17		
408	9817	Whitley, Forrest	TB	P	453.49	518	749		21		
409	10910	Mears, Nick	KC	P	453.51	551	750		16		
410	11282	Feltner, Ryan	COL	P	453.53	546	748		16		
411	12551	Urena, Walbert	LAA	P	453.53	444	748		18		
412	11468	Silseth, Chase	LAA	P	453.58	529	749		17		
413	12540	Drake, Kohl	ARZ	P	453.58	485	743		15		
414	12423	Poulin, PJ	WAS	P	453.60	566	747		17		
415	11536	Nardi, Andrew	MIA	P	453.62	534	749		18		
416	12492	Saiki, Hiroto	FA	P	453.66	397	745		30		
417	12033	Hence, Tink	STL	P	453.73	558	747		16		
418	9974	Kelly, Michael	ATH	P	453.76	454	749		20		
419	9547	Junis, Jakob	TEX	P	453.84	513	750		16		
420	12410	Granillo, Andre	WAS	P	453.89	570	743		18		
421	9934	Cortes, Nestor	SD	P	453.94	412	744		32		
422	12225	Yoho, Craig	MLW	P	453.95	536	747		18		
423	12454	Alvarez, Andrew	WAS	P	453.98	407	750		20		
424	12323	Sykora, Travis	WAS	P	454.09	392	748		32		
425	11868	Boyle, Joe	TB	P	454.12	206	630		842		
426	12508	Murphy, Owen	ATL	P	454.13	540	745		18		
427	11784	Scholtens, Jesse	TB	P	454.15	646	750		17		
428	11467	Cano, Yennier	BAL	P	454.16	394	738		23		
429	11680	Winn, Keaton	SF	P	454.16	511	750		20		
430	11666	Martinez, Justin	ARZ	P	454.21	450	750		26		
431	12207	Harrington, Thomas	PIT	P	454.22	484	749		21		
432	9644	Jimenez, Joe	ATL	P	454.35	321	739		49		
433	12167	Sabrowski, Erik	CLE	P	454.54	506	750		24		
434	11967	Kochanowicz, Jack	LAA	P	454.85	478	749		26		
435	12208	Evans, Logan	SEA	P	454.88	498	750		23		
436	11970	Parker, Mitchell	WAS	P	454.94	465	750		26		
437	9290	Okert, Steven	HOU	P	455.17	553	747		27		
438	12525	Stephen, Khal	CLE	P	455.23	579	750		24		
439	12394	Fisher, Braydon	TOR	P	455.29	428	750		28		
440	10604	Mattson, Isaac	PIT	P	455.82	517	750		30		
441	10574	Alexander, Jason	HOU	P	455.85	443	750		29		
442	10734	Phillips, Tyler	MIA	P	455.89	320	750		34		
443	11620	McGarry, Griff	WAS	P	455.91	469	749		30		
444	12186	Henriquez, Edgardo	LAD	P	455.98	491	746		36		
445	11978	Mena, Cristian	ARZ	P	456.15	601	750		30		
446	9957	Hicks, Jordan	CWS	P	456.28	455	749		38		
447	11379	Bautista, Felix	BAL	P	456.42	155	747		85		
448	10295	Pearson, Nate	HOU	P	456.46	470	748		40		
449	12121	Orze, Eric	MIN	P	456.46	542	750		31		
450	12277	Avila, Luinder	KC	P	456.51	544	746		43		
451	7791	Perez, Martin	CWS	P	456.59	564	746		33		
452	11987	Miller, Erik	SF	P	456.82	406	750		42		
453	11552	Little, Brendon	TOR	P	456.89	350	749		42		
454	11945	Teodo, Emiliano	TEX	P	457.01	519	749		38		
455	10112	Means, John	CLE	P	457.15	499	744		52		
456	11994	Corniell, Jose	TEX	P	457.32	471	750		46		
457	12607	Baumler, Carter	TEX	P	457.38	359	747		48		
458	12122	Bigge, Hunter	TB	P	457.39	552	750		37		
459	11961	Montero, Keider	DET	P	457.53	535	747		39		
460	12505	Arnold, Jamie	ATH	P	457.55	511	747		46		
461	9937	Fernandez, Julian	WAS	P	457.60	433	750		40		
462	12500	Davalillo, David	TEX	P	457.72	583	749		37		
463	8756	Treinen, Blake	LAD	P	457.92	469	750		46		
464	8645	Johnson, Pierce	CIN	P	457.95	505	748		44		
465	11266	Latz, Jacob	TEX	P	458.19	245	639		895		
466	12296	Dreyer, Jack	LAD	P	458.33	432	750		47		
467	12611	Bremner, Tyler	FA	P	458.41	457	747		51		
468	12221	Agnos, Zach	COL	P	458.44	332	746		67		
469	11130	Francis, Bowden	TOR	P	458.52	491	749		48		
470	10501	Herget, Jimmy	COL	P	458.55	450	750		51		
471	9965	McKenzie, Triston	CLE	P	458.85	414	749		56		
472	12005	Drohan, Shane	MLW	P	458.93	328	750		55		
473	11165	Bazardo, Eduard	SEA	P	458.94	421	746		50		
474	9800	Burnes, Corbin	ARZ	P	459.25	70	727		829		
475	9897	Loaisiga, Jonathan	NYY	P	459.63	541	750		52		
476	10877	Williamson, Brandon	CIN	P	459.64	359	742		101		
477	11157	Gomez, Yoendrys	TB	P	459.78	543	745		53		
478	8272	Corbin, Patrick	TEX	P	459.93	311	750		65		
479	12546	White, Josh	MIA	P	460.21	406	750		59		
480	9677	Maton, Phil	CHC	P	460.31	275	663		799		
481	11916	Rodriguez, Yariel	TOR	P	460.32	490	749		55		
482	11395	Faucher, Calvin	MIA	P	460.58	135	709		800		
483	12206	Maxwell, Zach	CIN	P	460.58	537	749		58		
484	11205	Bender, Anthony	MIA	P	460.66	440	749		62		
485	11489	Koenig, Jared	MLW	P	460.72	344	746		65		
486	12368	Johnson, Ryan	LAA	P	461.01	393	750		75		
487	11847	Wicks, Jordan	CHC	P	461.22	450	750		79		
488	12164	Zeferjahn, Ryan	LAA	P	461.70	525	748		68		
489	11297	Brash, Matt	SEA	P	461.71	253	617		817		
490	11459	Holton, Tyler	DET	P	461.78	262	750		82		
491	12519	Crow, Coleman	MLW	P	461.94	549	749		70		
492	9175	Houser, Adrian	SF	P	462.20	291	688		908		
493	9734	Minter, A.J.	NYM	P	462.51	323	750		81		
494	11193	Wells, Tyler	BAL	P	462.71	309	711		822		
495	11662	Ferrer, Jose A.	SEA	P	463.23	158	740		769		
496	12045	Petty, Chase	CIN	P	463.42	512	749		79		
497	9938	Kinley, Tyler	ATL	P	464.08	363	749		99		
498	11400	Butto, Jose	SF	P	464.10	441	747		87		
499	12008	Slaten, Justin	BOS	P	464.29	406	750		82		
500	11148	Sugano, Tomoyuki	COL	P	464.42	433	750		99		
501	11073	Miller, Bobby	LAD	P	464.52	418	750		82		
502	12536	Wenninger, Jack	NYM	P	464.75	389	750		95		
503	11904	Vasil, Mike	CWS	P	465.15	501	750		88		
504	12137	McGreevy, Michael	STL	P	465.41	273	622		932		
505	12273	Strowd, Kade	ARZ	P	465.52	349	750		127		
506	9719	Fedde, Erick	CWS	P	465.88	370	749		108		
507	12171	Dana, Caden	LAA	P	465.92	448	750		94		
508	9819	Mikolas, Miles	WAS	P	465.94	446	750		130		
509	9646	Montgomery, Jordan	TEX	P	465.98	472	750		98		
510	6837	Scherzer, Max	TOR	P	466.04	242	706		957		
511	11975	Mejia, Juan	COL	P	466.05	406	749		97		
512	11172	Zerpa, Angel	MLW	P	466.15	512	750		93		
513	12348	Susana, Jarlin	WAS	P	466.15	402	750		99		
514	9706	Kittredge, Andrew	BAL	P	466.27	217	743		695		
515	11980	Hodge, Porter	CHC	P	466.64	457	750		99		
516	11856	Saalfrank, Andrew	ARZ	P	466.66	265	750		268		
517	11850	Funderburk, Kody	MIN	P	466.91	348	750		112		
518	8748	Martinez, Nick	TB	P	466.92	267	728		931		
519	12111	King, Bryan	HOU	P	467.02	242	749		121		
520	9519	Stanek, Ryne	STL	P	467.27	325	749		124		
521	8170	Hendriks, Liam	BOS	P	467.35	334	750		137		
522	8941	Freeland, Kyle	COL	P	469.06	443	750		190		
523	8418	Walker, Taijuan	PHI	P	469.45	398	750		165		
524	12493	Pecko, Ethan	HOU	P	469.56	522	750		121		
525	10873	Hancock, Emerson	SEA	P	470.32	281	749		267		
526	10165	Schmidt, Clarke	NYY	P	470.44	506	749		138		
527	11984	Perales, Luis	WAS	P	470.95	456	749		133		
528	10167	Winn, Cole	TEX	P	471.05	281	750		140		
529	10187	Hall, DL	MLW	P	472.27	475	750		125		
530	12232	Prielipp, Connor	MIN	P	472.32	432	750		142		
531	8689	Matz, Steven	TB	P	472.52	301	749		862		
532	12487	Doyle, Liam	STL	P	473.22	377	750		167		
533	9295	Marquez, German	SD	P	473.23	343	750		208		
534	8768	Martin, Chris	TEX	P	473.53	238	735		685		
535	10926	Espino, Daniel	CLE	P	473.54	424	750		153		
536	12498	Johnson, Ty	TB	P	473.54	514	750		139		
537	10960	Thompson, Ryan	ARZ	P	473.72	398	750		192		
538	9923	Barlow, Scott	ATH	P	473.81	359	750		185		
539	12415	Fuentes, Didier	ATL	P	473.94	249	750		467		
540	11988	Teng, Kai-Wei	HOU	P	473.96	430	750		166		
541	10246	Wentz, Joey	ATL	P	474.27	339	750		194		
542	11755	Burke, Sean	CWS	P	475.23	325	634		832		
543	11650	Harris, Hogan	ATH	P	475.41	242	747		702		
544	12512	Bratt, Mitch	ARZ	P	476.40	476	750		163		
545	10524	Akin, Keegan	BAL	P	476.89	317	750		221		
546	12392	Tidwell, Blade	SF	P	477.16	459	750		177		
547	10645	Urquidy, Jose	PIT	P	477.48	383	747		204		
548	11754	Joyce, Ben	LAA	P	477.51	280	682		744		
549	10976	Irvin, Jake	WAS	P	477.66	301	749		231		
550	12280	Dobbins, Hunter	STL	P	477.71	335	749		187		
551	8632	Rodriguez, Eduardo	ARZ	P	478.35	303	694		878		
552	12124	Wrobleski, Justin	LAD	P	478.44	263	748		789		
553	12169	Halvorsen, Seth	COL	P	478.54	240	741		678		
554	11547	Assad, Javier	CHC	P	478.70	418	750		181		
555	10161	Paddack, Chris	MIA	P	479.93	315	750		348		
556	10842	Lee, Dylan	ATL	P	480.42	331	750		203		
557	12183	Rocker, Kumar	TEX	P	480.64	305	644		852		
558	11350	Diaz, Alexis	TEX	P	481.33	234	748		619		
559	11605	Tiedemann, Ricky	TOR	P	481.96	448	749		258		
560	10748	Griffin, Foster	WAS	P	482.09	155	733		813		
561	11910	Ryan, River	LAD	P	482.42	268	745		801		
562	12445	Peguero, Joel	SF	P	482.53	391	747		254		
563	9936	Keller, Brad	PHI	P	482.57	258	721		720		
564	9792	Puk, A.J.	ARZ	P	482.74	346	748		456		
565	11822	Leahy, Kyle	STL	P	482.82	266	695		802		
566	9779	Kopech, Michael	LAD	P	482.94	267	747		329		
567	12340	Alvarado, Elvis	ATH	P	483.03	350	749		248		
568	11935	Brown, Ben	CHC	P	483.22	271	676		761		
569	10694	Kay, Anthony	CWS	P	483.50	295	732		686		
570	11375	Weiss, Ryan	HOU	P	484.58	310	749		701		
571	12486	Gibson, Trey	BAL	P	484.89	459	749		255		
572	9648	Leiter Jr., Mark	ATH	P	485.13	251	715		645		
573	11863	Gipson-Long, Sawyer	DET	P	485.20	338	750		338		
574	12196	Smith, Hagen	CWS	P	485.31	398	750		244		
575	11364	Sands, Cole	MIN	P	485.42	265	719		716		
576	10259	Gray, Josiah	WAS	P	485.65	339	749		262		
577	12329	Rodriguez, Elmer	NYY	P	485.67	331	715		701		
578	11912	Scott, Christian	NYM	P	485.71	346	690		731		
579	12161	Ginn, J.T.	ATH	P	485.77	322	747		594		
580	9807	Yarbrough, Ryan	NYY	P	485.95	379	749		251		
581	10499	Lawrence, Justin	PIT	P	486.25	428	750		238		
582	12009	Kolek, Stephen	KC	P	486.41	322	749		336		
583	11677	Vasquez, Randy	SD	P	486.48	265	750		628		
584	12026	Birdsong, Hayden	SF	P	486.86	374	750		383		
585	9124	Rea, Colin	CHC	P	487.11	279	723		667		
586	12491	Lagrange, Carlos	NYY	P	487.16	178	750		384		
587	11924	Povich, Cade	BAL	P	487.19	329	750		662		
588	11587	Stone, Gavin	LAD	P	487.24	351	749		275		
589	11423	Henry, Cole	WAS	P	487.39	296	750		414		
590	11956	Whisenhunt, Carson	SF	P	487.68	421	750		272		
591	10209	Canning, Griffin	SD	P	487.74	376	749		313		
592	12159	Casparius, Ben	LAD	P	487.81	441	748		294		
593	11855	Phillips, Connor	CIN	P	488.30	330	750		358		
594	11902	Festa, David	MIN	P	488.30	351	750		329		
595	12473	Ritchie, JR	ATL	P	489.07	246	739		686		
596	11126	Topa, Justin	MIN	P	489.19	353	750		371		
597	9892	Soto, Gregory	PIT	P	489.43	271	739		619		
598	8633	Harvey, Hunter	CHC	P	489.48	316	750		636		
599	11424	Varland, Louis	TOR	P	489.52	244	747		683		
600	11986	McDonald, Trevor	SF	P	489.61	359	750		427		
601	11283	Crawford, Kutter	BOS	P	489.71	244	741		517		
602	12345	Perkins, Jack	ATH	P	489.71	313	744		520		
603	8947	Newcomb, Sean	CWS	P	489.73	450	750		326		
604	9583	Anderson, Drew	DET	P	490.04	355	744		468		
605	11810	Mlodzinski, Carmen	PIT	P	490.09	287	749		583		
606	10024	Lauer, Eric	TOR	P	490.43	240	724		644		
607	12389	Blubaugh, AJ	HOU	P	490.49	350	743		489		
608	12131	Hopkins, Brody	TB	P	490.86	467	750		277		
609	11745	Gasser, Robert	MLW	P	490.94	358	729		641		
610	10688	Speier, Gabe	SEA	P	491.18	336	750		325		
611	12014	Fitts, Richard	STL	P	491.20	290	747		695		
612	11442	Pallante, Andre	STL	P	491.53	438	750		340		
613	11280	Junk, Janson	MIA	P	491.60	336	748		435		
614	12220	Klassen, George	LAA	P	491.95	408	750		321		
615	8895	Garcia, Yimi	TOR	P	492.04	343	749		333		
616	9205	Strahm, Matt	KC	P	492.66	257	746		762		
617	11401	Sears, JP	SD	P	492.73	343	747		548		
618	12288	Bergert, Ryan	KC	P	492.75	341	747		482		
619	11403	Jameson, Drey	ARZ	P	492.79	344	748		378		
620	10308	Sandoval, Patrick	BOS	P	492.94	309	750		340		
621	10518	Romano, Jordan	LAA	P	493.16	268	737		631		
622	9028	Lorenzen, Michael	COL	P	493.20	320	750		385		
623	11792	Bradford, Cody	TEX	P	493.22	400	748		416		
624	10345	Myers, Tobias	NYM	P	493.23	376	729		423		
625	12369	Lord, Brad	WAS	P	493.37	387	750		406		
626	10640	Civale, Aaron	ATH	P	493.39	359	750		465		
627	10725	Rogers, Tyler	TOR	P	493.88	247	747		560		
628	11417	Ashcraft, Graham	CIN	P	494.28	336	750		343		
629	11470	Martin, Davis	CWS	P	494.57	306	749		443		
630	12517	McDougal, Tanner	CWS	P	494.67	352	747		338		
631	8659	McCullers Jr., Lance	HOU	P	495.12	385	738		452		
632	10025	Adam, Jason	SD	P	495.23	327	750		356		
633	11528	Gaddis, Hunter	CLE	P	495.53	315	748		596		
634	8189	Pomeranz, Drew	LAA	P	495.54	306	749		445		
635	11307	Elder, Bryce	ATL	P	495.60	277	750		635		
636	12481	Wiggins, Jaxon	CHC	P	495.62	399	750		432		
637	9123	Armstrong, Shawn	CLE	P	496.04	173	750		587		
638	12360	Barco, Hunter	PIT	P	496.22	294	743		612		
639	8280	Quintana, Jose	COL	P	496.68	284	749		410		
640	11412	Allen, Logan	CLE	P	497.17	387	749		451		
641	9764	Buehler, Walker	SD	P	497.45	284	750		569		
642	10853	Baker, Bryan	TB	P	497.74	301	750		419		
643	10372	Ashby, Aaron	MLW	P	497.78	295	716		716		
644	11876	Kerkering, Orion	PHI	P	498.12	328	749		361		
645	12484	Jump, Gage	ATH	P	498.59	296	750		440		
646	12192	Mathews, Quinn	STL	P	499.09	376	744		617		
647	11557	Cruz, Fernando	NYY	P	499.45	325	746		396		
648	10784	Vesia, Alex	LAD	P	499.98	300	748		520		
649	11621	Montgomery, Mason	PIT	P	500.11	325	750		465		
650	12209	Dollander, Chase	COL	P	500.28	330	744		718		
651	10854	Manoah, Alek	LAA	P	500.60	328	745		513		
652	9515	Alvarado, Jose	PHI	P	500.63	282	750		498		
653	12483	Anderson, Kade	SEA	P	501.29	396	749		513		
654	12197	Schultz, Noah	CWS	P	503.83	383	750		486		
